topics,freq
javascript,1630.8
python,1485.5
react,885.2
android,844.0
golang,730.0
machine-learning,715.6
deep-learning,709.1
go,682.1
java,657.9
typescript,623.0
linux,535.9
library,513.2
nodejs,496.7
framework,496.0
ios,486.1
api,478.6
security,469.5
web,462.6
docker,456.3
rust,451.1
vue,446.2
application,443.5
php,440.4
awesome,427.7
command-line,425.4
ui,412.2
windows,402.4
pytorch,390.6
cpp,384.8
kubernetes,376.1
css,374.2
macos,373.1
awesome list,363.0
swift,359.9
artificial-intelligence,359.7
html,345.5
database,343.5
image,305.3
plugin,289.7
http,274.4
cloud,268.8
tensorflow,261.5
c,246.9
csharp,244.0
network,241.4
design,239.4
testing,239.1
data-science,237.9
nlp,237.7
ruby,226.3
neural-networks,225.9
algorithm,220.4
language,217.7
client,216.4
animation,213.4
sql,212.1
terminal,211.7
analysis,211.3
management,211.0
json,207.9
game,207.6
video,205.4
chatgpt,204.1
react-native,199.4
learning,198.5
computer vision,197.5
engine,194.3
mysql,194.2
electron,193.8
editor,192.4
dotnet,191.2
node,191.1
tutorial,189.4
models,187.3
automation,184.0
markdown,182.9
cross-platform,181.2
kotlin,180.9
github,178.9
postgresql,178.7
git,177.7
redis,174.1
detection,173.8
shell,172.0
monitoring,170.7
aws,169.9
distributed,169.6
visualization,167.6
frontend,166.1
theme,166.1
reactjs,165.4
containers,165.0
open-source,163.3
parser,161.1
proxy,159.5
gpt,159.5
manager,159.5
microservices,159.4
devops,158.8
gui,157.0
google,155.6
laravel,154.6
search,153.1
template,150.6
angular,149.4
browser,146.2
graphql,146.1
pentesting,144.6
3d,142.8
hacking,142.0
interview,141.8
llm,141.8
generator,139.3
book,138.6
next.js,137.1
architecture,136.7
engineering,136.2
rest,136.1
webpack,134.8
objective-c,133.0
svg,129.4
game development,128.7
mobile,127.6
openai,127.4
flutter,123.7
extension,122.9
vim,122.3
compiler,122.1
bash,121.5
self-hosted,121.3
privacy,120.9
graph,120.3
dashboard,119.3
package,118.9
documentation,118.7
vuejs,117.8
serverless,116.4
graphics,115.2
material design,111.7
music,111.4
audio,109.4
real-time,108.8
mongodb,108.4
bot,106.0
data-visualization,104.4
redux,103.1
chrome,101.5
blockchain,100.5
transformer,99.8
reinforcement-learning,98.2
wechat,98.2
developer tools,98.0
config,97.7
pdf,97.5
data-structures,96.8
free,96.5
streaming,96.0
spring,95.1
websocket,95.0
sqlite,94.9
springboot,94.6
symfony,94.6
chart,93.8
bootstrap,93.6
generation,92.6
iot,91.7
resources,91.1
material,91.1
chinese,91.0
lua,89.9
recognition,89.3
postgres,88.4
ethereum,88.0
rails,87.7
test,87.4
reverse-engineering,87.0
asynchronous,86.8
translation,85.6
storage,85.2
chrome extension,84.7
gpu,83.5
distributed-systems,83.0
docs,82.6
metrics,82.4
chatbot,81.8
wasm,81.7
script,81.4
data-analysis,81.2
sdk,80.9
blog,80.6
django,80.4
patterns,80.1
neovim,79.8
canvas,79.4
object detection,79.4
swagger,79.3
elasticsearch,78.7
cms,78.7
unity,78.7
jquery,78.6
youtube,78.1
webgl,77.9
examples,77.8
es,77.3
questions,77.2
email,76.7
vscode,76.6
segmentation,76.6
hooks,76.5
protocol,76.5
cryptography,76.2
firefox,75.8
authentication,74.7
programming-language,74.6
qt,74.6
router,74.3
classification,74.1
computer,74.1
integration,74.0
game engine,73.8
webassembly,73.5
font,73.3
azure,73.1
website,72.5
chat,71.9
image-processing,71.8
ssr,71.4
ssh,71.3
opengl,71.1
debug,71.1
npm,70.9
optimization,70.6
keras,70.4
guide,70.3
tailwindcss,70.0
dotnet-core,70.0
raspberry-pi,69.8
dart,69.4
jupyter notebook,69.3
big-data,68.8
oauth,68.7
software,68.6
vpn,68.1
boilerplate,67.5
icons,67.3
notifications,66.9
gan,66.8
visual,66.5
pandas,66.4
scanners,66.4
microsoft,65.9
tree,65.9
orm,65.7
cheatsheet,65.7
cnn,65.3
xcode,65.0
