abstract,topic
js,javascript
py,python
seq,sequence
auto,automatic
configuration,config
model,models
configs,config
apps,application
app,application
applications,application
c-plus-plus,cpp
cplusplus,cpp
ms,microsoft
c-sharp,csharp
cnn,convolutional-neural-networks
rnn,recurrent-neural-networks
neural-network,neural-networks
rl,reinforcement-learning
plugins,plugin
images,image
llm,large-language-models
jupyter-notebooks,jupyter-notebook
notebooks,notebook
large-language-model,large-language-models
workflows,workflow
games,game
apis,api
ai,artificial-intelligence
attacks,attack
todo,to-do
front-end,frontend
algorithms,algorithm
spring-boot,springboot
asp-net,aspnet
node-js,nodejs
dl,deep-learning
chat-gpt,chatgpt
notif,notification
async,asynchronous
platforms,platform
note,notes
addons,addon
themes,theme
videos,video
notification,notifications
interviews,interview
prompts,prompt
sync,synchronous
shaders,shader
scripts,script
libraries,library
lib,library
sys,system
spring-cloud,springcloud
transformers,transformer
templates,template
fs,filesystem
document,docs
documents,docs
doc,docs
files,file
forms,form
pkg,package
browsers,browser
job,jobs
maps,map
effect,effects
hook,hooks
tests,test
question,questions
vb,visual-basic
modules,module
container,containers
visualbasic,visual-basic
env,environment
scanner,scanners
spec,specification
dnn,deep-neural-network
types,type
cmd,command
e2e,end-to-end
win,windows
vm,virtual-machine
db,database
virtualmachine,virtual-machine
vr,virtual-reality
virtualreality,virtual-reality
datamining,data-mining
ar,augmented-reality
augmentedreality,augmented-reality
extensions,extension
tools,tool
devtool,devtools
https,http
systems,system
Back-end,backend
back-end,backend
chatbots,chatbot
bots,bot
servers,server
strategy,strategies
open-source,opensource
collections,collection
guideline,guidelines
graphic,graphics
qqbot,qq-bot
ebooks,ebook
networks,network
networking,network
commands,command
tty,terminal
nn,neural-networks
registries,registry
pipelines,pipeline
diagrams,diagram
lists,list
packages,package
resource,resources
awesome-lists,awesome-list
data-visualizations,data-visualization
data-structure,data-structures
datastructures,data-structures
cfg,configuration
devices,device
actions,action
workers,worker
addons,addon
books,book
components,component
operating-systems,operating-system
oo,object-oriented
objectoriented,object-oriented
buffer,buffers
dev,develop
updates,update
frameworks,framework
homeassistant,home-assistant
gen,generate
toggles,toggle
rule,rules
c-charp,csharp
sample,samples
pattern,patterns
learning-by-doing,learning
notebook-jupyter,jupyter-notebook
jupyter-notebooks,jupyter-notebook
awesome-list-awesome-list,awesome-list
raspberrypi,raspberry-pi
databases,database
covid-19,covid19
example,examples
embedding,embeddings
foundation-model,foundation-models
photos,photo
prompts,prompt
projects,project
vectors,vector
payloads,payload
parameters,parameter
definition,definitions
contribution,contributions
dorks,dork
plots,plot
workspaces,workspace
practice,practices
tokens,token
graphs,graph
clusters,cluster
trackers,tracker
transitions,transition
dependencies,dependency
websites,website
strings,string
arrays,array
property,properties
drivers,driver
forks,fork
gans,gan
engines,engine
dall-e,dalle
big-model,large-model
structures,structure
deepfake,deepfakes
solution,solutions
commits,commit
flag,flags
demos,demo
link,links
logos,logo
icon,icons
challenge,challenges
matcher,matchers
skill,skills
tours,tour
txt,text
learned,learn
expressions,expression
imports,import
operation,operations
cv,computer-vision
sockets,socket
objects,object
keys,key
k-nn,knn
particle,particles
portfolios,portfolio
badges,badge
shortcut,shortcuts
proposals,proposal
repos,repository
property,properties
repositories,repository
urls,url
kits,kit
views,view
ports,port
emails,email
clients,client
kernels,kernel
frontends,frontend
datasets,dataset
spiders,spider
useragent,user-agent
data-visualizations,data-visualization
certifications,certification
flipper-zero,flipperzero
integrations,integration
optimizations,optimization
commandline,command-line
screenshots,screenshot
qa,question-answering
scientist,scientists
assertion,assertions
playgrounds,playground
discussions,discussion
deployments,deployment
generators,generator
slideshows,slideshow
assistants,assistant
channels,channel
problems,problem
runtimes,runtime
insight,insights
programs,program
recipes,recipe
jpegxl,jpeg-xl
parsers,parser
sensor,sensors
monitors,monitor
managers,manager
systemd,system
boards,board
liner,liners
mem,memory
git-,git
apks,apk
util,utils
adapters,adapter
analyzers,analyzer
customers,customer
closures,closure
iframe,iframes
echart,echarts
functions,function
analytics,analytic
statistics,statistic
metric,metrics
cocoapods,cocoapod
events,event
physics,physic
contracts,contract
pages,page
methods,method
snippets,snippet
requests,request
bindings,binding
charts,chart
streams,stream
mathematics,mathematic
dynamics,dynamic
genomics,genomic
elements,element
tasks,task
things,thing
slides,slide
colors,color
trees,tree
annotations,annotation
fonts,font
logs,log
payments,payment
tags,tag
variables,variable
coroutines,coroutine
messages,message
settings,setting
assets,asset
filters,filter
tabs,tab
macros,macro
exercises,exercise
features,feature
products,product
numbers,number
movies,movie
permissions,permission
experiments,experiment
cards,card
labs,lab
students,student
decorators,decorator
linguistics,linguistic
roles,role
sheets,sheet
helpers,helper
ads,ad
users,user
migrations,migration
fields,field
forensics,forensic
secrets,secret
widgets,widget
socks,sock
controls,control
reports,report
comments,comment
standards,standard
tweets,tweet
winforms,winform
certificates,certificate
promises,promise
calculus,calculu
principles,principle
equations,equation
words,word
developers,developer
buttons,button
issues,issue
tips,tip
papers,paper
vehicles,vehicle
hosts,host
cats,cat
tables,table
sports,sport
subtitles,subtitle
articles,article
styles,style
quotes,quote
documents,document
jetbrains,jetbrain
mechanics,mechanic
curves,curve
bookmarks,bookmark
lyrics,lyric
passwords,password
characters,character
errors,error
props,prop
reviews,review
commons,common
options,option
talks,talk
exchanges,exchange
presentations,presentation
genetics,genetic
rates,rate
songs,song
actors,actor
agents,agent
codeforces,codeforce
prices,price
groups,group
translations,translation
transformations,transformation
stars,star
transactions,transaction
constraints,constraint
tiles,tile
blocks,block
labels,label
threads,thread
sprites,sprite
writeups,writeup
memes,meme
headers,header
conventions,convention
economics,economic
simulations,simulation
stocks,stock
calculations,calculation
lights,light
fragments,fragment
units,unit
hacks,hack
cookies,cookie
classes,classe
attributes,attribute
sequences,sequence
symbols,symbol
mods,mod
domains,domain
signatures,signature
sharedpreferences,sharedpreference
places,place
semantics,semantic
implementations,implementation
compilers,compiler
routes,route
comics,comic
futures,future
preferences,preference
combinators,combinator
neos,neo
signals,signal
exceptions,exception
variants,variant
records,record
dapps,dapp
contacts,contact
packets,packet
brackets,bracket
optics,optic
sites,site
protocols,protocol
beginners,beginner
teams,team
credentials,credential
values,value
states,state
thumbnails,thumbnail
elections,election
environments,environment
curses,curse
dialogs,dialog
highcharts,highchart
cars,car
sales,sale
conferences,conference
tricks,trick
measurements,measurement
gas,ga
stylesheets,stylesheet
courses,course
bytes,byte
metagenomics,metagenomic
guides,guide
gestures,gesture
sets,set
flashcards,flashcard
benchmarks,benchmark
coordinates,coordinate
menus,menu
directives,directive
paths,path
tweaks,tweak
backups,backup
kinematics,kinematic
dashboards,dashboard
alerts,alert
generics,generic
waves,wave
diagnostics,diagnostic
emojis,emoji
measures,measure
drones,drone
nunjuck,nunjucks
pictures,picture
names,name
basics,basic
operators,operator
sessions,session
versions,version
phylogenetics,phylogenetic
fixtures,fixture
meetups,meetup
changes,change
beats,beat
emulators,emulator
exploits,exploit
matrices,matrix
concepts,concept
cheatsheets,cheatsheet
playbooks,playbook
interfaces,interface
pipes,pipe
dates,date
schematics,schematic
shows,show
torrents,torrent
references,reference
layouts,layout
indicators,indicator
markers,marker
queues,queue
friends,friend
instruments,instrument
controllers,controller
chords,chord
schemes,scheme
answers,answer
competitions,competition
keywords,keyword
points,point
currencies,currency
mkdocs,mkdoc
feathers,feather
observables,observable
stickers,sticker
gifs,gif
instances,instance
layers,layer
fractals,fractal
snapshots,snapshot
tickets,ticket
landmarks,landmark
compass,compas
accounts,account
squares,square
formats,format
posts,post
providers,provider
maths,math
biometrics,biometric
steps,step
volumes,volume
publications,publication
grids,grid
markets,market
calls,call
spaces,space
handlers,handler
gradients,gradient
kids,kid
jboss,jbos
wallpapers,wallpaper
requirements,requirement
circuits,circuit
sagas,saga
shapes,shape
fundamentals,fundamental
lessons,lesson
podcasts,podcast
archives,archive
neighbors,neighbor
representations,representation
releases,release
arguments,argument
grails,grail
cookbooks,cookbook
sonos,sono
trends,trend
checks,check
interactions,interaction
tachyons,tachyon
bugs,bug
hotkeys,hotkey
traits,trait
breadcrumbs,breadcrumb
forums,forum
assignments,assignment
stacks,stack
hands,hand
mutations,mutation
ideas,idea
lenses,lense
plants,plant
endpoints,endpoint
pairs,pair
specs,spec
means,mean
dimensions,dimension
procedures,procedure
derivatives,derivative
holidays,holiday
selectors,selector
connections,connection
topics,topic
days,day
validations,validation
customelements,customelement
converts,convert
communications,communication
statements,statement
primitives,primitive
loaders,loader
cameras,camera
traces,trace
hackers,hacker
distributions,distribution
instructions,instruction
ratings,rating
pthreads,pthread
letters,letter
callbacks,callback
cryptocoins,cryptocoin
neurons,neuron
items,item
donations,donation
literals,literal
duplicates,duplicate
jokes,joke
metaheuristics,metaheuristic
conditions,condition
earthquakes,earthquake
inputs,input
epics,epic
bits,bit
intervals,interval
wars,war
grammars,grammar
schemas,schema
reducers,reducer
cells,cell
lectures,lecture
strips,strip
heuristics,heuristic
internals,internal
logistics,logistic
uploads,upload
namespaces,namespace
pods,pod
microfrontends,microfrontend
rights,right
locations,location
columns,column
redirects,redirect
typings,typing
results,result
terms,term
regions,region
keyboards,keyboard
builds,build
sails,sail
smartcontracts,smartcontract
puzzles,puzzle
keypoints,keypoint
dogs,dog
validators,validator
hours,hour
licenses,license
mocks,mock
organizations,organization
modals,modal
modes,mode
syscalls,syscall
fibers,fiber
citations,citation
displays,display
directions,direction
followers,follower
spreadsheets,spreadsheet
downloads,download
colours,colour
workshops,workshop
contributors,contributor
thermodynamics,thermodynamic
gates,gate
players,player
macadmins,macadmin
wxss,wxs
presets,preset
flows,flow
hints,hint
iterators,iterator
faces,face
acoustics,acoustic
weights,weight
relationships,relationship
defaults,default
computations,computation
polynomials,polynomial
details,detail
frames,frame
suggestions,suggestion
specifications,specification
animals,animal
neopixels,neopixel
hashids,hashid
keybindings,keybinding
hydrodynamics,hydrodynamic
legends,legend
feeds,feed
locks,lock
wallets,wallet
novels,novel
palettes,palette
teachers,teacher
vars,var
panels,panel
reacthooks,reacthook
parts,part
edges,edge
rubiks,rubik
snips,snip
ontologies,obtology
diseases,disease
cityscapes,cityscape
hangouts,hangout
aprs,apr
nerves,nerve
quickbooks,quickbook
beacons,beacon
dots,dot
trains,train
orders,order
asteroids,asteroid
completions,completion
splines,spline
manipulations,manipulation
folders,folder
loops,loop
analyses,analyse
invoices,invoice
identifiers,identifier
essentials,essential
startups,startup
colorschemes,colorscheme
synonyms,synonym
attachments,attachment
chains,chain
packs,pack
finances,finance
spinners,spinner
leaks,leak
behaviors,behavior
gems,gem
trials,trial
chapters,chapter
flatbuffers,flatbuffer
pixels,pixel
geos,geo
zombies,zombie
altcoins,altcoin
integers,integer
userstyles,userstyle
recommendations,recommendation
speakers,speaker
proofs,proof
peripherals,peripheral
glyphs,glyph
neighbours,neighbour
expenses,expense
achievements,achievement
artists,artist
overlays,overlay
esports,esport
voxels,voxel
ciphers,cipher
cases,case
sounds,sound
emoticons,emoticon
artifacts,artifact
solaris,solari
geonames,geoname
relations,relation
oops,oop
corners,corner
flights,flight
scans,scan
exams,exam
meetings,meeting
privileges,privilege
eyes,eye
tuples,tuple
signs,sign
reminders,reminder
siemens,siemen
captions,caption
empires,empire
episodes,episode
grass,gras
stubs,stub
userdefaults,userdefault
cubes,cube
checkers,checker
genomes,genome
predictions,prediction
gists,gist
processors,processor
microcontrollers,microcontroller
figures,figure
claims,claim
coins,coin
humans,human
args,arg
micropayments,micropayment
scrolls,scroll
interpreters,interpreter
planets,planet
girls,girl
skins,skin
breakpoints,breakpoint
formulas,formula
shards,shard
mentions,mention
aspects,aspect
unicorns,unicorn
taxes,taxe
restaurants,restaurant
laws,law
tactics,tactic
phonetics,phonetic
ngrams,ngram
limits,limit
excercises,excercise
factors,factor
manifests,manifest
members,member
scrapers,scraper
hackathons,hackathon
blueprints,blueprint
computers,computer
hyperparameters,hyperparameter
mindstorms,mindstorm
proteins,protein
hashtags,hashtag
trails,trail
gateways,gateway
bids,bid
todos,todo
favorites,favorite
worlds,world
cups,cup
funds,fund
brokers,broker
pushnotifications,pushnotification
tfrecords,tfrecord
satellites,satellite
numerics,numeric
solvers,solver
pointers,pointer
distances,distance
modis,modi
levels,level
photonics,photonic
tensors,tensor
ducks,duck
counts,count
patients,patient
avatars,avatar
surveys,survey
kinetics,kinetic
routines,routine
octicons,octicon
sections,section
ebuilds,ebuild
banks,bank
counters,counter
embeds,embed
contours,contour
segments,segment
middlewares,middleware
callbags,callbag
exoplanets,exoplanet
goals,goal
replays,replay
hubs,hub
microformats,microformat
ranges,range
locales,locale
responses,response
cgroups,cgroup
scenes,scene
programmers,programmer
calendars,calendar
cnns,cnn
works,work
tilesets,tileset
keyframes,keyframe
thrones,throne
backgrounds,background
partials,partial
constants,constant
birds,bird
coupons,coupon
wheels,wheel
battlegrounds,battleground
heaps,heap
scales,scale
sentences,sentence
queens,queen
journals,journal
needs,need
reads,read
cycles,cycle
snarks,snark
minutes,minute
epigenetics,epigenetic
fans,fan
stations,station
scissors,scissor
converters,converter
repos,repo
ensembles,ensemble
proptypes,proptype
cheats,cheat
campaigns,campaign
params,param
albums,album
tvshows,tvshow
subdomains,subdomain
transducers,transducer
drums,drum
classifiers,classifier
boletos,boleto
alogrithms,alogrithm
pets,pet
drives,drive
portals,portal
spools,spool
drawables,drawable
conflicts,conflict
aesthetics,aesthetic
aerodynamics,aerodynamic
electromagnetics,electromagnetic
synthesizers,synthesizer
genes,gene
experiences,experience
rays,ray
drugs,drug
incidents,incident
printers,printer
transforms,transform
isochrones,isochrone
mbtiles,mbtile
formatters,formatter
emissions,emission
grabs,grab
interceptors,interceptor
techniques,technique
coefficients,coefficient
volunteers,volunteer
manpages,manpage
boids,boid
eigenvalues,eigenvalue
ftps,ftp
classnames,classname
pathways,pathway
meters,meter
encodings,encoding
thoughts,thought
geofences,geofence
popups,popup
gadgets,gadget
triggers,trigger
tracks,track
explanations,explanation
abstractions,abstraction
verbs,verb
warnings,warning
servlets,servlet
makers,maker
bubbles,bubble
harmonics,harmonic
goroutines,goroutine
alarms,alarm
yargs,yarg
intrinsics,intrinsic
ambisonics,ambisonic
rpgs,rpg
combinations,combination
wordembeddings,wordembedding
numerals,numeral
roots,root
triples,triple
idioms,idiom
conways,conway
careers,career
phenotypes,phenotype
bundles,bundle
connectors,connector
hbs,hb
receipts,receipt
usps,usp
workouts,workout
plans,plan
conversions,conversion
surfaces,surface
indices,indice
bandits,bandit
success,succes
bats,bat
abbreviations,abbreviation
grams,gram
scenarios,scenario
polygons,polygon
pools,pool
ligatures,ligature
memberships,membership
ingredients,ingredient
angles,angle
highlights,highlight
domotics,domotic
targets,target
gmaps,gmap
customizations,customization
shadows,shadow
associations,association
radiuss,radius
institutions,institution
judges,judge
employees,employee
refugees,refugee
decisions,decision
footprints,footprint
returns,return
amigos,amigo
xamarinforms,xamarinform
hotels,hotel
scopes,scope
nights,night
superpixels,superpixel
schools,school
airports,airport
opcodes,opcode
shares,share
jpms,jpm
unions,union
equals,equal
powers,power
parks,park
milliseconds,millisecond
cogs,cog
barebones,barebone
headphones,headphone
recordings,recording
chips,chip
detours,detour
convolutions,convolution
peptides,peptide
beans,bean
investigations,investigation
fingerprints,fingerprint
caps,cap
bounds,bound
ergonomics,ergonomic
modifications,modification
playerunknowns,playerunknown
sizes,size
marks,mark
intents,intent
enums,enum
nebulas,nebula
rockets,rocket
installers,installer
offers,offer
waypoints,waypoint
citizens,citizen
lumens,lumen
extentreports,extentreport
jails,jail
experts,expert
macroeconomics,macroeconomic
differences,difference
rows,row
qubits,qubit
starters,starter
authors,author
bones,bone
upgrades,upgrade
grades,grade
contexts,context
schedules,schedule
multiformats,multiformat
predicates,predicate
miners,miner
spiffs,spiff
peerjs,peerj
concerns,concern
geometries,geometrie
polls,poll
seconds,second
roms,rom
bars,bar
redes,rede
keystrokes,keystroke
phylogenomics,phylogenomic
getters,getter
bands,band
begginers,begginer
interrupts,interrupt
areas,area
chunks,chunk
bulbs,bulb
quaternions,quaternion
credits,credit
movements,movement
encoders,encoder
crawlers,crawler
rewards,reward
registers,register
meals,meal
variations,variation
algebras,algebra
kings,king
conversations,conversation
masters,master
banners,banner
haptics,haptic
zones,zone
indels,indel
merchants,merchant
fluids,fluid
sneakers,sneaker
flavors,flavor
dragons,dragon
submissions,submission
querystrings,querystring
arms,arm
follows,follow
docstrings,docstring
calories,calorie
golos,golo
cursors,cursor
fits,fit
decompositions,decomposition
offsets,offset
colorspaces,colorspace
gpus,gpu
roads,road
newtons,newton
plates,plate
moves,move
spells,spell
admins,admin
heatmaps,heatmap
simulators,simulator
audits,audit
wireframes,wireframe
foundations,foundation
disks,disk
freebies,freebie
prototypes,prototype
functors,functor
continuations,continuation
ahrs,ahr
externs,extern
umls,uml
toys,toy
sistemas,sistema
taghelpers,taghelper
colourspaces,colourspace
mirrors,mirror
rolls,roll
phones,phone
clauses,clause
stores,store
bitcoins,bitcoin
statefulsets,statefulset
ncats,ncat
simpsons,simpson
phonemes,phoneme
slots,slot
districts,district
essays,essay
classics,classic
appointments,appointment
telecommunications,telecommunication
facts,fact
distros,distro
tanks,tank
characteristics,characteristic
artboards,artboard
backdoors,backdoor
microbenchmarks,microbenchmark
learners,learner
diacritics,diacritic
paradigms,paradigm
psychometrics,psychometric
guards,guard
cws,cw
fusioncharts,fusionchart
mets,met
lookups,lookup
translates,translate
actuators,actuator
infographics,infographic
jars,jar
spots,spot
hydroponics,hydroponic
buckets,bucket
masks,mask
alignments,alignment
statecharts,statechart
plays,play
relays,relay
coders,coder
beets,beet
atomics,atomic
wavelets,wavelet
weapons,weapon
builders,builder
fuses,fuse
watchers,watcher
natives,native
molecules,molecule
manuals,manual
slices,slice
contents,content
firewalls,firewall
resolvers,resolver
deals,deal
permutations,permutation
moss,mos
calculators,calculator
chronos,chrono
films,film
habits,habit
bitmaps,bitmap
sponsors,sponsor
philippines,philippine
readers,reader
replicas,replica
backends,backend
transports,transport
guis,gui
likes,like
posters,poster
milestones,milestone
mistakes,mistake
rooms,room
quests,quest
forests,forest
supports,support
provinces,province
advertisements,advertisement
delegates,delegate
vertices,vertex
motors,motor
nonprofits,non-profit
donors,donor
syllables,syllable
atoms,atom
brands,brand
comms,comm
cursos,curso
potentials,potential
workstations,workstation
giveaways,giveaway
rankings,ranking
patents,patent
costs,cost
vips,vip
symlinks,symlink
suites,suite
pirates,pirate
anchors,anchor
rxpermissions,rxpermission
buildings,building
pentesters,pentester
nonprofit,non-profit
slugs,slug
comparisons,comparison
eigenvectors,eigenvector
peaks,peak
zksnarks,zksnark
awards,award
soundfonts,soundfont
acids,acid
lapis,lapi
divisions,division
mechanisms,mechanism
gams,gam
rfcs,rfc
optimizers,optimizer
mindmaps,mindmap
bulletproofs,bulletproof
arts,art
dis,di
emotes,emote
outliers,outlier
checklists,checklist
histograms,histogram
birthdays,birthday
reactos,reacto
facets,facet
installs,install
probes,probe
trainings,training
mentors,mentor
ipywidgets,ipywidget
moments,moment
studios,studio
hyperlinks,hyperlink
correlations,correlation
xforms,xform
vagrants,vagrant
ultisnips,ultisnip
partitions,partition
scrollbars,scrollbar
estimates,estimate
professionals,professional
newcomers,newcomer
iterables,iterable
cpps,cpp
souls,soul
seeds,seed
parallels,parallel
sitemaps,sitemap
includes,include
eventhubs,eventhub
mockups,mockup
detectors,detector
wearables,wearable
shops,shop
pickers,picker
flowers,flower
clubs,club
avengers,avenger
joints,joint
choices,choice
partners,partner
diffs,diff
skeletons,skeleton
optionals,optional
maintainers,maintainer
addins,addin
commerces,commerce
pomdps,pomdp
geeks,geek
fireworks,firework
towers,tower
timestamps,timestamp
catalogs,catalog
aliens,alien
tops,top
iconsets,iconset
polyfills,polyfill
rdfs,rdf
threats,threat
zipcodes,zipcode
noobs,noob
centers,center
ressources,resource
dialects,dialect
tubes,tube
haplotypes,haplotype
preconditions,precondition
violations,violation
codecs,codec
rings,ring
apriltags,apriltag
transfers,transfer
timings,timing
bibliometrics,bibliometric
exports,export
drops,drop
positions,position
services,service
estados,estado
bricks,brick
subjects,subject
classifieds,classified
capsules,capsule
hydraulics,hydraulic
anagrams,anagram
philosophers,philosopher
votes,vote
announcements,announcement
epidemics,epidemic
theories,theorie
spades,spade
newspapers,newspaper
observations,observation
museums,museum
pdfs,pdf
consumers,consumer
borders,border
reactors,reactor
tars,tar
nations,nation
cocktails,cocktail
permalinks,permalink
trojans,trojan
appsettings,appsetting
affiliates,affiliate
nsuserdefaults,nsuserdefault
standardnotes,standardnote
seasons,season
emotions,emotion
footnotes,footnote
codesys,codesy
favicons,favicon
advisors,advisor
veterans,veteran
clans,clan
algoritmos,algoritmo
grains,grain
glyphicons,glyphicon
codesnippets,codesnippet
oscillators,oscillator
likelihoods,likelihood
dialogues,dialogue
sliders,slider
billiards,billiard
smells,smell
grants,grant
factions,faction
runners,runner
estimators,estimator
devs,dev
esolangs,esolang
bills,bill
phrases,phrase
inserts,insert
setters,setter
scholars,scholar
whitepapers,whitepaper
invariants,invariant
mappers,mapper
newsletters,newsletter
acknowledgements,acknowledgement
cuts,cut
readings,reading
monorepos,monorepo
investments,investment
illustrations,illustration
titles,title
auctions,auction
initials,initial
photographs,photograph
typefaces,typeface
faqs,faq
dygraphs,dygraph
investors,investor
biosignals,biosignal
logics,logic
blinds,blind
exists,exist
executables,executable
collisions,collision
miniprograms,miniprogram
heads,head
entrepreneurs,entrepreneur
decimals,decimal
wizards,wizard
savings,saving
quotations,quotation
failures,failure
subnets,subnet
edwards,edward
getopts,getopt
veins,vein
restarts,restart
extracts,extract
mails,mail
loans,loan
rapids,rapid
defects,defect
cronjobs,cronjob
degrees,degree
hits,hit
writers,writer
automations,automation
complaints,complaint
oneliners,oneliner
collaborators,collaborator
mixtures,mixture
mazes,maze
restrictions,restriction
seats,seat
realms,realm
ants,ant
primes,prime
doctors,doctor
decks,deck
homoglyphs,homoglyph
toasts,toast
slackbuilds,slackbuild
normals,normal
researchers,researcher
circles,circle
bitboards,bitboard
riddles,riddle
terminals,terminal
smiles,smile
screens,screen
accents,accent
algorithims,algorithim
delays,delay
bigrams,bigram
kittens,kitten
shields,shield
aggregations,aggregation
parkinsons,parkinson
dropdowns,dropdown
filepreviews,filepreview
webs,web
regulations,regulation
nosetests,nosetest
thanks,thank
radicals,radical
applets,applet
internships,internship
enhancements,enhancement
extentions,extention
semaphores,semaphore
headlines,headline
dumps,dump
generates,generate
forces,force
bookmarklets,bookmarklet
joins,join
prims,prim
trailers,trailer
spammers,spammer
motifs,motif
gotchas,gotcha
transients,transient
prefers,prefer
abiertos,abierto
traps,trap
attrs,attr
knights,knight
farmers,farmer
burrows,burrow
whats,what
manifolds,manifold
mems,mem
stargazers,stargazer
storages,storage
outdoors,outdoor
trades,trade
preprints,preprint
pexels,pexel
usernames,username
emoncms,emoncm
previews,preview
typos,typo
topos,topo
animes,anime
topologies,topology
bikes,bike
empresas,empresa
cidades,cidade
participants,participant
runes,rune
fools,fool
dungeons,dungeon
backports,backport
transits,transit
blacklists,blacklist
globals,global
puns,pun
avionics,avionic
substitutions,substitution
immutables,immutable
morphometrics,morphometric
lanes,lane
clocks,clock
atmos,atmo
repeats,repeat
customviews,customview
vegetables,vegetable
carriers,carrier
crops,crop
plurals,plural
greens,green
jwks,jwk
opentimestamps,opentimestamp
resumes,resume
startpages,startpage
fires,fire
externals,external
lattices,lattice
visitors,visitor
brasileiros,brasileiro
accessors,accessor
generals,general
trigrams,trigram
certs,cert
storymaps,storymap
crystals,crystal
metagenomes,metagenome
extenstions,extenstion
doubles,double
spies,spy
arrows,arrow
railways,railway
alzheimers,alzheimer
inspections,inspection
homeworks,homework
loggers,logger
ethers,ether
honeypots,honeypot
symptoms,symptom
spaceships,spaceship
reflections,reflection
vouchers,voucher
houses,house
droplets,droplet
exercices,exercice
darts,dart
serializers,serializer
diffutils,diffutil
strokes,stroke
attractors,attractor
nanoseconds,nanosecond
buildpacks,buildpack
buzzwords,buzzword
selections,selection
bases,base
activists,activist
cores,core
guns,gun
pageviews,pageview
blockchains,blockchain
assessments,assessment
ranks,rank
fractions,fraction
dls,dl
rdfjs,rdfj
lovers,lover
doors,door
boats,boat
leads,lead
byexamples,byexample
discounts,discount
walks,walk
leaderboards,leaderboard
drinks,drink
pcs,pc
amqps,amqp
collectors,collector
cows,cow
modifiers,modifier
sentiments,sentiment
trademarks,trademark
chats,chat
gauges,gauge
desktops,desktop
receivers,receiver
tunnels,tunnel
planners,planner
missions,mission
storybooks,storybook
customs,custom
crons,cron
ibeacons,ibeacon
practicas,practica
axes,axe
vistas,vista
aulas,aula
braces,brace
practicals,practical
popovers,popover
artefacts,artefact
biomarkers,biomarker
placeholders,placeholder
balls,ball
pkgbuilds,pkgbuild
orbits,orbit
practises,practise
enchantments,enchantment
rectangles,rectangle
screensavers,screensaver
whales,whale
extremes,extreme
notices,notice
corporations,corporation
lasers,laser
favourites,favourite
palestras,palestra
compras,compra
picons,picon
beers,beer
showtimes,showtime
healthchecks,healthcheck
ships,ship
beliefs,belief
xcassets,xcasset
floorplans,floorplan
goods,good
parasites,parasite
mnemonics,mnemonic
launchers,launcher
lexicons,lexicon
rasters,raster
purchases,purchase
codenames,codename
rootkits,rootkit
waveforms,waveform
biomes,biome
routerboards,routerboard
candlesticks,candlestick
wildcards,wildcard
deprecations,deprecation
renewables,renewable
tones,tone
thunks,thunk
injections,injection
listas,lista
translators,translator
acronyms,acronym
integrals,integral
opinions,opinion
itemsets,itemset
underscores,underscore
perturbations,perturbation
recognizes,recognize
editions,edition
thumbs,thumb
comunidades,comunidade
mtls,mtl
hearts,heart
sles,virion
storyboards,storyboard
expectations,expectation
behaviours,behaviour
outputs,output
outlines,outline
activations,activation
oracles,oracle
codeowners,codeowner
logins,login
rentals,rental
evaluators,evaluator
wells,well
modpacks,modpack
pws,pw
knobs,knob
monoids,monoid
scs,sc
islands,island
edits,edit
rocks,rock
collocations,collocation
npms,npm
sparkles,sparkle
tournaments,tournament
paladins,paladin
shades,shade
streets,street
leagues,league
plasmids,plasmid
quadcopters,quadcopter
creatures,creature
atcommands,atcommand
installations,installation
subsets,subset
trips,trip
cohorts,cohort
ejemplos,ejemplo
deeplinks,deeplink
dubins,dubin
aids,aid
snackbars,snackbar
virions,virion
tagspaces,tagspace
flaggers,flagger
componets,componet
resizes,resize
gitpages,gitpage
clicks,click
triangles,triangle
gardens,garden
rpcs,rpc
macs,mac
laptops,laptop
planes,plane
confs,conf
improvements,improvement
checkins,checkin
formsets,formset
paragraphs,paragraph
aligners,aligner
lines,line
bulls,bull
antipatterns,antipattern
javabeans,javabean
saliens,salien
spectacles,spectacle
ramps,ramp
oscillations,oscillation
hospitals,hospital
wings,wing
adventures,adventure
microprocessors,microprocessor
bestpractices,bestpractice
scouts,scout
champions,champion
priors,prior
energies,energie
bhs,energy
crosswords,crossword
nederlands,nederland
risks,risk
benefits,benefit
animators,animator
dlls,dll
workloads,workload
eggs,egg
fees,fee
solids,solid
bicycles,bicycle
shelters,shelter
notations,notation
fingers,finger
potholes,pothole
intersections,intersection
rats,rat
whitespaces,whitespace
pullrequests,pullrequest
alphabets,alphabet
microfluidics,microfluidic
declarations,declaration
budgets,budget
crdts,crdt
encrypts,encrypt
swarms,swarm
sbus,sbu
panoramas,panorama
pseudopotentials,pseudopotential
residuals,residual
inherits,inherit
percentiles,percentile
monsters,monster
quickstarts,quickstart
treehouses,treehouse
particulates,particulate
softspiders,softspider
placements,placement
antonyms,antonym
retrospectives,retrospective
pastes,paste
rhymes,rhyme
stamps,stamp
resnets,resnet
beams,beam
parcels,parcel
photovoltaics,photovoltaic
additions,addition
chiptunes,chiptune
msgs,msg
smileys,smiley
shots,shot
representatives,representative
mutators,mutator
allocators,allocator
microtasks,microtask
rotations,rotation
sundials,sundial
caches,cache
segues,segue
organisms,organism
publishers,publisher
colleges,college
workbooks,workbook
codechecks,codecheck
gears,gear
roberts,robert
parents,parent
archetypes,archetype
troopers,trooper
currents,current
extends,extend
greeks,greek
proverbs,proverb
snaps,snap
deletes,delete
geodesics,geodesic
hypervisors,hypervisor
moses,mose
raiders,raider
decoders,decoder
fortunes,fortune
hyphens,hyphen
headings,heading
herbs,herb
runbooks,runbook
datasheets,datasheet
organizers,organizer
freelancers,freelancer
hotspots,hotspot
steroids,steroid
quicksettings,quicksetting
fakes,fake
additives,additive
svgs,svg
blakes,blake
dinosaurs,dinosaur
jets,jet
usernotifications,usernotification
papis,papi
incentives,incentive
clinics,clinic
ejercicios,ejercicio
nslayoutconstraints,nslayoutconstraint
landscapes,landscape
industries,industrie
snakes,snake
howtos,howto
scrapes,scrape
cartoons,cartoon
chairs,chair
accelerators,accelerator
gnus,gnu
rainbows,rainbow
paintings,painting
kitchens,kitchen
sidebars,sidebar
strains,strain
interstitials,interstitial
gitcommands,gitcommand
pharmaceuticals,pharmaceutical
swaps,swap
vendors,vendor
outcomes,outcome
tides,tide
markings,marking
saves,save
adjectives,adjective
refactorings,refactoring
occurrences,occurrence
modders,modder
subreddits,subreddit
alternatives,alternative
udisks,udisk
steins,stein
repeaters,repeater
toolchains,toolchain
copycats,copycat
nerds,nerd
excuses,excuse
slaves,slave
candidates,candidate
metabolites,metabolite
regressions,regression
newsgroups,newsgroup
overloads,overload
chaoss,chaos
implicits,implicit
phenomics,phenomic
phases,phase
parses,parse
evaluations,evaluation
stemmers,stemmer
vessels,vessel
openstreetmaps,openstreetmap
subs,sub
dlms,dlm
nutrients,nutrient
uis,ui
mcleaks,mcleak
debits,debit
joysticks,joystick
allocations,allocation
correspondences,correspondence
flowcharts,flowchart
bursts,burst
tinkers,tinker
transcriptions,transcription
pruebas,prueba
attendees,attendee
festivals,festival
verses,verse
moderators,moderator
marbles,marble
retakes,retake
insects,insect
lobsters,lobster
bitflags,bitflag
coordinators,coordinator
setups,setup
burgers,burger
vhosts,vhost
heightmaps,heightmap
cosmetics,cosmetic
nonparametrics,nonparametric
pics,pic
years,year
shipments,shipment
equivalents,equivalent
cryptos,crypto
easings,easing
ballistics,ballistic
spikes,spike
bancos,banco
genres,genre
usergroups,usergroup
compositions,composition
seekers,seeker
rxjavasamples,rxjavasample
bignumbers,bignumber
sanctions,sanction
hides,hide
wikis,wiki
evans,evan
estudos,estudo
humanoids,humanoid
carousels,carousel
telescopes,telescope
toponyms,toponym
xrays,xray
dependents,dependent
captchas,captcha
prefs,pref
bridges,bridge
electrostatics,electrostatic
dividers,divider
exiles,exile
seeders,seeder
styleguides,styleguide
foods,food
vacations,vacation
obstacles,obstacle
exemples,exemple
mitigations,mitigation
hostnames,hostname
owners,owner
examinations,examination
lightcurves,lightcurve
superpowers,superpower
pranks,prank
pacotes,pacote
transmitters,transmitter
microstates,microstate
subscribers,subscriber
organisations,organisation
invites,invite
saxs,sax
creators,creator
personas,persona
ratios,ratio
drawings,drawing
claws,claw
etags,etag
shutters,shutter
racers,racer
runs,run
convnets,convnet
enchants,enchant
tenants,tenant
airplanes,airplane
typescripts,typescript
advices,advice
mises,mise
applemaps,applemap
nachos,nacho
kexts,kext
sugos,sugo
dvcs,dvc
academics,academic
phonons,phonon
composites,composite
triplets,triplet
sellers,seller
ticks,tick
shortens,shorten
trucks,truck
elastics,elastic
hetnets,hetnet
lamps,lamp
mapas,mapa
timetables,timetable
veiculos,veiculo
lifehacks,lifehack
scraps,scrap
unfollowers,unfollower
countrycodes,countrycode
testimonials,testimonial
pngs,png
mans,man
renderings,rendering
enthusiasts,enthusiast
emits,emit
clibs,clib
factoids,factoid
spheres,sphere
departures,departure
nonos,nono
executors,executor
pragmatics,pragmatic
dataflows,dataflow
mushrooms,mushroom
motions,motion
settlements,settlement
restdocs,restdoc
wildfires,wildfire
holes,hole
autograders,autograder
kdtrees,kdtree
acms,acm
minions,minion
brothers,brother
passphrases,passphrase
thresholds,threshold
flipdots,flipdot
pageobjects,pageobject
presenters,presenter
pulsars,pulsar
quirks,quirk
populations,population
glances,glance
drs,dr
flaws,flaw
lifecycles,lifecycle
whiteboards,whiteboard
forecasts,forecast
tablets,tablet
dankmemes,dankmeme
cliques,clique
hrnets,hrnet
shoes,shoe
bearings,bearing
nonces,nonce
bans,ban
programmes,programme
substrings,substring
clues,clue
flops,flop
spectrograms,spectrogram
annoyances,annoyance
exemplos,exemplo
sorts,sort
adds,add
concerts,concert
freebooks,freebook
serves,serve
guilds,guild
marketplaces,marketplace
projjs,projj
algos,algo
goats,goat
contains,contain
compounds,compound
travels,travel
chnroutes,chnroute
resolutions,resolution
codes,code
automatons,automaton
ages,age
blockers,blocker
gifts,gift
refinements,refinement
comandos,comando
unikernels,unikernel
sucks,suck
keyphrases,keyphrase
airfoils,airfoil
corrections,correction
analysts,analyst
dominos,domino
meps,mep
mines,mine
engagements,engagement
broadcasts,broadcast
amazons,amazon
livros,livro
warships,warship
gophers,gopher
margins,margin
efforts,effort
prisoners,prisoner
takes,take
nucleotides,nucleotide
morphos,morpho
initializers,initializer
rovers,rover
junctions,junction
aicups,aicup
fades,fade
sentinels,sentinel
daniels,daniel
pieces,piece
gods,god
kruskals,kruskal
daemons,daemon
breeds,breed
spoilers,spoiler
enumerations,enumeration
gbfs,gbf
modems,modem
toastutils,toastutil
wordvectors,wordvector
noops,noop
interventions,intervention
adjustments,adjustment
updaters,updater
lawyers,lawyer
viewpagers,viewpager
tales,tale
fecs,fec
lungs,lung
webthings,webthing
utxos,utxo
gains,gain
stevens,steven
xmos,xmo
commitments,commitment
digests,digest
lemans,leman
neighborhoods,neighborhood
callers,caller
algs,alg
templatetags,templatetag
comets,comet
odps,odp
rumors,rumor
averages,average
kahns,kahn
lattes,latte
isotopes,isotope
brasileiras,brasileira
rewrites,rewrite
capes,cape
dnds,dnd
webcams,webcam
miniatures,miniature
leaders,leader
telecoms,telecom
arithmetics,arithmetic
iconfonts,iconfont
facturas,factura
assumptions,assumption
doodles,doodle
avataaars,avataaar
nomads,nomad
offerings,offering
olympics,olympic
transposons,transposon
xevents,xevent
atomicswaps,atomicswap
weeks,week
genotypes,genotype
prodos,prodo
tectonics,tectonic
picks,pick
webinars,webinar
ingests,ingest
chms,chm
darksouls,darksoul
pointofsales,pointofsale
sponsorships,sponsorship
basins,basin
matematicas,matematica
dongles,dongle
igaps,igap
spritesheets,spritesheet
subgroups,subgroup
winters,winter
amos,amo
ways,way
pkgs,pkg
factorizations,factorization
staticfiles,staticfile
releasenotes,releasenote
handles,handle
imessages,imessage
donuts,donut
prayertimes,prayertime
renderers,renderer
constructors,constructor
multipliers,multiplier
atmospheres,atmosphere
flames,flame
shortlinks,shortlink
enablers,enabler
expires,expire
voices,voice
codons,codon
lightbulbs,lightbulb
lipids,lipid
animates,animate
harddisks,harddisk
reviewers,reviewer
magnets,magnet
vines,vine
pharos,pharo
generations,generation
abstracts,abstract
iops,iop
keyrings,keyring
contractors,contractor
multiples,multiple
nibbles,nibble
swiftplaygrounds,swiftplayground
builtins,builtin
poems,poem
unseals,unseal
catamorphisms,catamorphism
semigroups,semigroup
subtags,subtag
pojos,pojo
miles,mile
dispatchers,dispatcher
hashmaps,hashmap
cellphones,cellphone
months,month
facades,facade
clones,clone
drafts,draft
races,race
spices,spice
workdays,workday
robocars,robocar
mountains,mountain
flavours,flavour
fpgas,fpga
hyperjs,hyperj
gizmos,gizmo
courts,court
rotors,rotor
ssjs,ssj
childrens,children
planetlabs,planetlab
plugs,plug
cascades,cascade
indications,indication
fellowships,fellowship
bets,bet
serdes,serde
crafters,crafter
spirals,spiral
oos,oo
rustaceans,rustacean
adts,adt
outbreaks,outbreak
boxplots,boxplot
arduinos,arduino
softwares,software
boots,boot
rtps,rtp
barycenters,barycenter
crds,crd
cohens,cohen
facs,fac
nanoservices,nanoservice
greetings,greeting
rivers,river
logutils,logutil
medals,medal
neopets,neopet
outlets,outlet
shirts,shirt
stencils,stencil
resets,reset
eidas,eida
stands,stand
iostreams,iostream
comonents,comonent
ccks,cck
utterances,utterance
roommates,roommate
chromosomes,chromosome
referers,referer
holdings,holding
subroutines,subroutine
kites,kite
peers,peer
movers,mover
irules,irule
dgs,dg
performances,performance
creds,cred
venues,venue
horarios,horario
tns,tn
vts,vt
openms,openm
semiconductors,semiconductor
soundtracks,soundtrack
youtubers,youtuber
shifts,shift
protections,protection
reps,rep
timeouts,timeout
aaas,aaa
empregos,emprego
quads,quad
desmos,desmo
agreements,agreement
conlangs,conlang
decorations,decoration
dreams,dream
reposts,repost
urcaps,urcap
faults,fault
impacts,impact
rides,ride
retractions,retraction
interactors,interactor
userforms,userform
minerals,mineral
poets,poet
convertors,convertor
freess,frees
binders,binder
borderlands,borderland
referrals,referral
minds,mind
fruits,fruit
developpers,developper
benders,bender
walklets,walklet
highways,highway
codefights,codefight
conditionals,conditional
hotwords,hotword
jams,jam
diagnoses,diagnose
transmissions,transmission
subrepos,subrepo
orgs,org
hybrids,hybrid
trolls,troll
stacktraces,stacktrace
offices,office
keybinds,keybind
radians,radian
paws,paw
ambients,ambient
scammers,scammer
labworks,labwork
classifications,classification
prosthetics,prosthetic
farts,fart
chronicles,chronicle
vulns,vuln
ferramentas,ferramenta
grovers,grover
acceptors,acceptor
psychrometrics,psychrometric
dendrograms,dendrogram
questionnaires,questionnaire
guarantees,guarantee
wows,wow
worms,worm
seminars,seminar
infos,info
extractors,extractor
newyorktimes,newyorktime
portlets,portlet
orthologs,ortholog
pwas,pwa
doubts,doubt
statuscodes,statuscode
backpacks,backpack
executions,execution
bookings,booking
towns,town
dbs,vd
farms,farm
fuzzers,fuzzer
crocks,crock
chickens,chicken
triangulations,triangulation
yates,yate
checksums,checksum
detects,detect
uris,uri
boas,boa
herramientas,herramienta
accidents,accident
panos,pano
kingdoms,kingdom
streamers,streamer
chests,chest
saints,saint
reactiveforms,reactiveform
turtles,turtle
obfuscates,obfuscate
injects,inject
proportions,proportion
advertisers,advertiser
travelers,traveler
ccls,ccl
dateutils,dateutil
systemcalls,systemcall
blackholes,blackhole
grus,gru
mpds,mpd
detections,detection
monuments,monument
battleships,battleship
rumps,rump
axioms,axiom
rogers,roger
netlists,netlist
cloudservices,cloudservice
lstms,lstm
wetlands,wetland
keymappings,keymapping
liquids,liquid
daas,daa
enviroments,enviroment
loves,love
homes,home
ancestors,ancestor
callouts,callout
lives,live
impairments,impairment
renames,rename
ones,one
microphones,microphone
vectortiles,vectortile
selfies,selfie
tecnologias,tecnologia
employers,employer
copulas,copula
buffs,buff
fabrics,fabric
sidechains,sidechain
pioneers,pioneer
statics,static
documentations,documentation
standings,standing
sevices,sevice
tshirts,tshirt
destinations,destination
prefabs,prefab
refactors,refactor
jpos,jpo
butts,butt
resourcepacks,resourcepack
intrusions,intrusion
encryptions,encryption
dims,dim
interactives,interactive
residents,resident
ninjas,ninja
minimizes,minimize
redmis,redmi
corelibs,corelib
stems,stem
financials,financial
pragmas,pragma
scholarships,scholarship
indexers,indexer
grafos,grafo
bears,bear
messengers,messenger
slopes,slope
cashflows,cashflow
quantiles,quantile
brussels,brussel
vibrations,vibration
csvutils,csvutil
teenagers,teenager
estruturas,estrutura
abuses,abuse
showcases,showcase
fluctuations,fluctuation
toasters,toaster
constellations,constellation
horses,horse
archimedes,archimede
opls,opl
taos,tao
sachs,sach
grupos,grupo
magazines,magazine
radars,radar
redblacktrees,redblacktree
worksheets,worksheet
karaokes,karaoke
ripples,ripple
amis,ami
qualis,quali
interns,intern
villages,village
wordpresss,wordpress
ellipses,ellipse
coords,coord
weddings,wedding
hazards,hazard
toolbars,toolbar
womens,women
btfs,btf
walls,wall
mofs,mof
uuids,uuid
clinicians,clinician
pens,pen
marknotes,marknote
governors,governor
stripes,stripe
inflections,inflection
inversions,inversion
masterkeys,masterkey
guias,guia
burns,burn
jpegs,jpeg
buzzers,buzzer
bundlers,bundler
callables,callable
imas,ima
nodules,nodule
magics,magic
trados,trado
stumps,stump
reloads,reload
helps,help
perceptrons,perceptron
redistributables,redistributable
nordics,nordic
malwares,malware
servicios,servicio
nsnotifications,nsnotification
pebs,peb
pars,par
timeslots,timeslot
locals,local
sanders,sander
origins,origin
clientlibs,clientlib
caustics,caustic
sharebuttons,sharebutton
nitros,nitro
mortgages,mortgage
curvatures,curvature
inspects,inspect
collectives,collective
packers,packer
musics,music
escalations,escalation
earnings,earning
carbs,carb
streamlines,streamline
mobs,mob
snowflakes,snowflake
santas,santa
wins,win
curtains,curtain
sermons,sermon
rotates,rotate
starts,start
vaults,vault
titans,titan
mosaics,mosaic
innovators,innovator
swings,swing
influencers,influencer
pedestrians,pedestrian
removes,remove
asserts,assert
dams,dam
weekdays,weekday
mens,men
grounds,ground
endings,ending
freshbooks,freshbook
zipfs,zipf
flats,flat
nodemodules,nodemodule
toppers,topper
flares,flare
debuggers,debugger
overseas,oversea
fighters,fighter
expats,expat
councils,council
discords,discord
talents,talent
surnames,surname
ghosts,ghost
daps,dap
crusaders,crusader
deductions,deduction
scribbles,scribble
pagelets,pagelet
documentos,documento
determinants,determinant
pzs,pz
classrooms,classroom
radiographs,radiograph
onions,onion
tombstones,tombstone
dividends,dividend
insurances,insurance
heartbeats,heartbeat
chars,char
explorables,explorable
corridors,corridor
gigs,gig
magnetotellurics,magnetotelluric
floods,flood
scalars,scalar
audios,audio
excerpts,excerpt
lsmds,lsmd
morphs,morph
clis,cli
adbs,adb
biscuits,biscuit
llamas,llama
loads,load
ius,iu
sens,sen
requires,require
glaciers,glacier
purs,pur
devis,devi
orbifolds,orbifold
provers,prover
shelves,shelve
scipts,scipt
vitals,vital
sweeps,sweep
cruds,crud
norms,norm
tribes,tribe
aires,aire
fractures,fracture
airdrops,airdrop
subcomponents,subcomponent
warehouses,warehouse
rnas,rna
pugs,pug
exhibits,exhibit
gsos,gso
vocalizations,vocalization
pys,py
waits,wait
pcms,pcm
weeds,weed
scrambles,scramble
profits,profit
managements,management
adverbs,adverb
checkpoints,checkpoint
datagrams,datagram
wonders,wonder
girs,gir
vibes,vibe
tablebases,tablebase
handouts,handout
metals,metal
qthreads,qthread
iapps,iapp
twins,twin
orms,orm
crossings,crossing
mergetools,mergetool
pads,pad
hunters,hunter
prerequisites,prerequisite
administrators,administrator
subviews,subview
mongos,mongo
continents,continent
memos,memo
whispers,whisper
lakes,lake
javaprojects,javaproject
darcs,darc
philadelphias,philadelphia
majoras,majora
falls,fall
coachmarks,coachmark
temperatures,temperature
specimens,specimen
planewars,planewar
parliaments,parliament
funnels,funnel
pangenomics,pangenomic
instructors,instructor
programms,programm
valentines,valentine
desafios,desafio
gloves,glove
nouns,noun
codigos,codigo
textools,textool
sifts,sift
appeals,appeal
pictograms,pictogram
