version,topic
gpt-2,gpt
gpt-3,gpt
gpt-4,gpt
netflow-v5,netflow
qv2ray,ray
fetchreach-v1,fetch
arm32v6,arm
rv8-benchmarks,benchmark
typo3-v9-lts,typo3-lts
cryptonight-v8,cryptonight
v2ray-gui,ray-gui
mldv2,mld
deeplab-v3,deeplab
om5p-acv2,om5p-ac
civ5,ci
ev3dev-lang-java,lang-java
ipv6-migration,ip-migration
d3v3,d3
v20-python,python
ipv4flagday,ip
spriteuv2,spriteu
recaptcha-v2,recaptcha
smtlibv2,Smt-lib
proxmark3-rdv4,Prox-mark
geckodriver-armv6,geckodriver-arm
nodejs-api-v8,nodejs-api
lyra2rev3,lyra
jquery-ztreev3,jquery-ztree
wacv18,wac
bdn-v3,bdn
arm64v8,arm
cellular-v2x,cellular
opencv3,opencv
dhcpv6-server,dhcp-server
v8fork,fork
ntlmv2,ntlm
youtube-api-v3,youtube-api
kong-v10,kong
v2ray-core,ray-core
sbc-v2,sbc
iccv2017,icc
hhvm-v8js,hhvm-js
yolov1-keras,yolo-keras
yolov2-videos,Yolo-video
ipv4-network,ip-network
opencv4,opencv
mobilenet-v3,mobilenet
pendulum-v0,pendulum
yolov2-model,yolo-model
unix-v6sh,unix-sh
ask-sdk-for-nodejs-v2,sdk-nodejs
cmpv2,cmp
v2ray-http-header,ray-http-header
botbuilder-sdk-v4,botbuilder-sdk
mobilenetv3,mobilenet
exiv2-library,exi-library
chuwi-ilife-v7s,Chuwi-ilife
saml-single-sign-on-v2,saml-single-sign-on
deloreanv2,delorean
ipv6-leakage,ip-leakage
openshift-v4,openshift
inceptionv4,inception
l2tpv3,l2tp
id3v2-4,id3
v8-cffi,cffi
ipv4-network-scanner,ip-network-scanner
dhcpv6-packet,dhcp-packet
nfsv4,nfs
cloudflare-rest-api-v4,cloudflare-rest-api
pubnubv4,pubnub
armv7l,arm
nodejs-sdk-v1,nodejs-sdk
lte-v2x,lte
pkgv0002,package
v8-net,net
aws-signature-v4,aws-signature
gnu-agplv3,gnu-agpl
armv7m,arm
svelte-v3,svelte
pbrtv3,pbrt
x100v6,x100
armeabi-v7a,arm
apev2-tags,ape-tags
ipv4-mapped-ipv6-by-dns64-nat64,Ip-mapped-ip-dns64-nat64
lib-mp4v2,lib-mp4
ipv4-tree,ip-tree
support-ipv6,support-ip
v2rayms,rayms
ptv2,pt
chainerv3,chainer
csv11,csv
shufflenetv2,shufflenet
porter-stemmer-v2,porter-stemmer
v2ray-mac,"['ray','mac']"
rxjav2,rxjava
mstestv2,mstest
alpine-v8,alpine
dnsv6,dns
mschapv2,mschap
aws-v2,aws
improv3d,improve
ircv3-support,irc-support
react-navigation-v3,react-navigation
vdv301,-1
drv8834,-1
deeplabv3,"['deep','lab']"
ipv4-subnetting,ip-subnetting
v60mini,mini
rv32im,-1
drv8313,-1
ricin-v2,ricin
hd6301v1,-1
shufflenetv2plus,shufflenet
qv2ray-plugin,ray-plugin
snmpv2-trap,snmp-trap
ev1527,-1
metrica-v3,metrica
armv4t-assembler,"['arm','assembler']"
mobilenetv1,mobilenet
bitly-v4,bitly
hsv2rgb,rgb
lv95,-1
desfire-ev2,desfire
google-recaptcha-v3,google-recaptcha
uv4l,-1
ntv2,-1
google-sheets-api-v4,google-sheets-api
concrete5-v8,concrete
v2ray-h2,ray
softdev1,soft
linkedin-api-v2,linkedin-api
etcdv2,-1
ipv6-subnetting,ip-subnetting
ilpv4,ilp
grbl-v11,grbl
bypass-recaptcha-v2,bypass-recaptcha
yuv2bmp,"['yuv','bmp']"
preference-v7,preference
v4l2-device,device
cifv3,cif
orcv2,orc
tiny-yolov3,tiny-yolo
ffv1,-1
cartpole-v1,cartpole
bot-framework-v4,bot-framework
opencv2-cookbook,openc-cookbook
hl7v2-schema,hl7-schema
libv8,lib
wav2midi,"['wav','midi']"
v2ray-subscriber,ray-subscriber
riscv32vega,"['risc','vega']"
pkcs1v15,pkcs
dhcpv4,dhcp
xv6-book-chinese,book-chinese
ov7670,-1
ev2400,-1
ikev2,ike
redbotv3,redbot
wclv2018,wcl
ipv6-calulator,ip-calulator
tv4,-1
d3v5,d3
wnr2000v4,-1
agpl-v3,agpl
azure-functions-v2,azure-function
pskv2,psk
civ2,-1
armv8-a,arm
nyu-depth-v2,nyu-depth
gym-pong-v0,gym-pong
deeplab-v2,"['deep','lab']"
id3v2-3,id3
skr-v13,skr
v4u-owlcarousel,owlcarousel
rv32emc,"['rv','emc']"
pixijs-v5,"['pixi','js']"
hl7v3-standards,"['standard','hl7']"
v2rayu,ray
ev2300,-1
shufflenet-v1,shufflenet
opencv4nodejs,"['opencv','nodejs']"
rv8-bench,benchmark
laravel-recaptcha-v2,laravel-recaptcha
sslv3,ssl
sqv8,-1
v8,-1
ipv4-address,ip-address
opencv2,opencv
kv58,-1
php-fpm-v7,"['php','fpm']"
v2ray-panel,"['ray','panel']"
wacv2019,wac
lego-mindstrom-ev3,Lego-mindstrom
eccv2018,ecc
misskey-v10,"['miss','key']"
rv32i,-1
samv71,sam
vvv2,-1
oanda-api-v20,oanda-api
vue-echarts-v3,vue-chart
id3-v10,id3
wav2pcm,"['wav','pcm']"
v2ex,-1
dnsv4,dns
pyexiv2,pyexi
v5,-1
priv8,pri
v850,-1
fastai-v3,fastai
chainerv6,chainer
lv2-plugins,plugin
rev2,-1
v8-profiler,profiler
id3-v23,id3
vrrp-v3,vrrp
kinectv2,kinect
recaptcha-v3,recaptcha
cuda10-trt-cv3-dockerfile,cuda-docker-file
yuv2jpg,"['yuv','jpg']"
ikev2-docker,"['ike','docker']"
nyuv2,nyu
ntv1,-1
hacktiv8,hackti
caffe-yolov3,caffe-yolo
react-native-navigation-v2,react-native-navigation
siv3d,-1
gadv4,gad
arm-legv8-simulator,arm-leg-simulator
ikev2-vpn-service,ike-vpn-service
yolov3,yolo
id3-v22,id3
snmpv1,snmp
inceptionv1-onfire,inception
armv9,arm
zmapv6,zmap
chainerv5,chainer
surycat-v4,surycat
ov7725,-1
wav2letter,"['wav','letter']"
spartanv8,spartan
3v4l,-1
reduxv7,redux
legv8-arm,"['leg','arm']"
v4l,-1
flatfilev2,"['flat','file']"
ipv6-list,ip-list
snmpv2,snmp
lv2,-1
reporting-api-v4,report-api
opencv341,opencv
hvdosdev2017,hvdosde
opencv4android,opencv-android
armv6-architecture,arm-architecture
hbbtv1,hbbt
lego-ev3-brick,lego-brick
inceptionv2,inception
react-router-v2,react-router
sdhcv2,sdhc
dbteamv3,dbteam
v2ray-h2-website,ray-website
v0,-1
nv21,-1
bdv2-theme,theme
gaussianyolov3,gaussian-yolo
5g-v2x,-1
icmpv6,icmp
botframeworkv4,bot-framework
oasv3,oas
ipv6-network,ip-network
ipv4shutdown,Ip-shutdown
v2ray-cli,ray-cli
ipv4-ips,ip
v8pp,-1
netflow-v9,netflow
b4v21,-1
mit-xv6,mit
dwolla-v2,dwolla
statamic-v1,statamic
v2ex-vue,vue
ipv6,ip
deeplabv2,"['deep','lab']"
ev2,-1
create-react-app-v2,create-react-app
silk-v3,silk
c2s-v2,-1
solace-sempv2,solace-semp
ev3dev,dev
v2ray-plugin,"['ray','plugin']"
ntv2-hashing,nt-hash
torrent-v2,torrent
ipv4-calculator,ip-calculator
inception-v3,inception
lyra2v2,lyra
pbrt-v3,pbrt
kinect-v2,kinect
wsfev1,wsfe
github-rest-v3,github-rest
samlv2,saml
gaussian-yolov3-implementation,Gaussian-yolo-implement
weibov6,weibo
samav2,sama
app-v4-create-react-app,app-create-react-app
ipv6-address,ip-address
nodejs-sdk-v2,nodejs-sdk
ipv4-heatmap,ip-heatmap
etcdv3,etcd
recaptchav2,recaptcha
picorv32,picor
hl7v2-messages,"['message','hl7']"
gplv3,gpl
socksv5,socks
digitalocean-apiv2-library,digitalocean-api-library
xv6,-1
exiv2,exi
apk-signature-scheme-v2,apk-signature-scheme
smbv1,smb
xv6-os,os
xv6-operating,operating
mqttv5,mqtt
uuid-v4,uuid
v1model,model
open-api-v3,open-api
grid-v2,grid
gpt4v,gpt
ipv4-over-ipv6,ip
multi-v2ray,multi-ray
v2,-1
phpv8,php
midjourney-v5,midjourney
armv81,arm
csv2latex,"['csv','latex']"
apiv4,api
slatev1,slate
armv4,arm
weibo-v6,weibo
hapi-v17,hapi
tv7,-1
redv3,red
yolov3-darknet,yolo-darknet
ov7670-fifo,fifo
caffe-yolov2,caffe-yolo
cvssv2,cvss
lego-ev3,lego
ipv56,ip
ipv6-research,ip-research
ntv1-hashing,nt-hash
ssd-mobilenetv2,ssd-mobilenet
vexpress-v2f-1xv7-ca53x2,express
drv8838,-1
google-maps-android-api-v2,Google-map-android-api
gplv2,gpl
ipv6lowpan,Ip-low-pan
ipv4-spoofing,ip-spoofing
armv6,arm
rv32imf,imf
hl7v2,hl7
e107-v2,-1
dropbox-v2,dropbox
deeplab-v3-plus,"['deep','lab']"
sshv2,ssh
ipv6-openvpn,ip-openvpn
ikev2-vpn,ike-vpn
ikev2-radius,ike-radius
v1,-1
shadowsocks-v2ray-plugin,shadowsocks-ray-plugin
v8js,js
fuckmanifestv3,manifest
inception-resnet-v2,inception-resnet
object-detection-using-yolov3,object-detect-yolo
gaussian-yolov3,gaussian-yolo
react-router-v5,react-router
react-hot-loader-v4,react-hot-loader
aws-sigv4,aws-sig
cartpole-v0,cartpole
v2ray-use-host,ray-host
v3components,component
ios-coreml-inceptionv3,Ios-core-ml-inception
keras-yolov3-mobilenet,keras-yolo-mobilenet
ipv6-framework,ip-framework
v10,-1
yolov1,yolo
shibboleth-idpv3,shibboleth-idp
id3v1-1,id3
react-v16,react
native-ipv6-interface,native-ip-interface
v2v,-1
riot-api-v3,riot-api
espnetv2,espnetv
yolov1-tensorflow,yolo-tensorflow
v2rayng,Ray-ng
v2ray-http2,Ray-http
risc-v64,risc
openwrt-v2ray,openwrt-ray
cnv1,-1
abi-v1,abi
umbraco-v7,umbraco
auto-update-v2ray-conf,Auto-update-ray-config
yolov3-network,yolo-network
to-do-v14,todo
riscv32,risc
rv64gc,rgc
scriptdev2,"['script','dev']"
v8-engine,engine
airsv2,airs
cuda-opencv3,Cuda-opencv
cozy-v3,cozy
elbv2,elb
iccv2015,icc
v2g,-1
wav2tap,"['wav','tap']"
kv1,-1
stripe-v3,stripe
gps-gy-neo6mv2,gps
ev3-ios-sdk,ios-sdk
botbuilder-sdk-v3,Bot-builder-sdk
pytorch-yolov1,pytorch-yolo
assholev0,-1
openimages-v4,Open-image
castv2,cast
ov2640,-1
ipv6-dhclient-script,ip-dhclient-script
gnu-lgplv3,gnu-lgpl
umbraco-v8,umbraco
docker-registry-v2,docker-registry
bmxnet-v2,bmxnet
opencv3-python,opencv-python
id3v2-tag,id3-tag
drv8880,-1
lkv373a,-1
ev3,-1
deeplabv3plus,"['deep','lab']"
tensorflow-v2,tensorflow
v2ray-h2-tls,ray
nazav2,naza
s5pv210,-1
ipv4-trie,ip
nav2017,-1
v4l2,-1
webpack-v3,webpack
vexpress-v2p-ca15-tc1,express
mobilenetv2-ssdlite,Mobilenet-ssd-lite
ipv6-only,ip
php-v8,php
hieunv1996,hieun
eccv16,ecc
pytorch-yolov3,pytorch-yolo
v2ray-onekey,ray
mobilenetv2plus,mobilenet
iccv17,icc
chainerv4,chainer
aws-sdk-java-v1,aws-sdk-java
x5-v7,-1
rav1e,-1
id3v2,id3
v14,-1
ikev1,ike
sslv2,ssl
shufflenet-v2,shufflenet
ogre3d-v19,ogre3d
searching-for-mobilenetv3,search-mobilenet
om2p-hsv2,-1
lyra2rev2,lyra
bspv30,bsp
v2ray-shadowsocks,ray-shadowsocks
rv32imc,-1
recaptcha-v2-captcha-solver,captcha-solver
opensiv3d,opensid
desfire-ev1,desfire
v4l4j,-1
autocv2-challenge,-1
vex-v5,vex
cehv9,ceh
arm32v7,arm
recaptcha-v3-laravel,recaptcha-laravel
brfv4,brf
ntlmv1-hashcat,ntlm-hashcat
id3-v24,id3
ipv4-ipv6,ip
lv2-host,host
c9v2,-1
auth-v4,auth
oslib-modv2,oslib-mod
v8-wrapper,wrapper
hl7v3,hl7
apollo-client-v2,apollo-client
funduino-v2,funduino
v4l2-devices,device
cifv4,cif
ipv6-test,ip-test
om2pv2,-1
react-router-v3,react-router
acoustio-v0,acoustio
ipv6-dns,ip-dns
yuv2rgb,"['yuv','rgb']"
webpack-v4,webpack
1dv525,-1
lgplv3,lgpl
iccv19,icc
id3-v11,id3
gnu-gplv3,gnu-gpl
bluerov2,bluero
kv78turbo,turbo
svt-av1,svt
ssdkerasv2,Ssd-keras
typo3-v8-lts,typo-lts
dhcpv6,dhcp
hbbtv2,hbbt
v8-javascript-engine,javascript-engine
fnv64,-1
statamic-v2,statamic
uuidv4,uuid
google-recaptcha-v2,google-recaptcha
auv3,-1
typo3-v8,typo3
uuid-v6,uuid
mewv5,mew
samv70,sam
ppv2,-1
ospfv3,ospf
dev86,dev
idv3,id3
ccv2,ccv
v9,-1
v0v-bid,-1
riscv32imfc,-1
mkv2mkv,mkv
react-php-v8js,react-php-js
inception-v4,inception
lego-mindstorms-ev3,Lego-mindstorm
v2signingenabled,-1
mac-v2ray,mac-ray
yolov2,yolo
efatura-v2,efatura
v2ray,ray
wav2json,"['wav','json']"
v8-natives,natives
riscv64,risc
arm64-v8a,arm
csv2shp,"['csv','shp']"
ev3-robot,robot
ipv6wry,ip
yolov3-tiny,yolo-tiny
hapi-v16,hapi
boilerplate-microservice-v1,boilerplate-microservice
lv2-plugin,plugin
drumkv1,drumk
v2ex-community,-1
csv2sql,"['csv','sql']"
otrv4,-1
v2x,-1
v100,-1
mailchimp-api-v3,mailchimp-api
rfmobilenetv2plus,Rf-mobilenet
captcha-services-for-recaptcha-v2,captcha
hapi-v18,hapi
acmev2,acme
ipv6-support,ip-support
ipv6-tree,ip-tree
nginx-v2ray,nginx-ray
aadv2,aad
mobilenet-v1,mobilenet
github-api-v3,github-api
mobilnet-v2,mobilnet
v8unpack,unpack
nv2a,-1
yolov1-pytorch,yolo-pytorch
etcdv3-ruby,etcd-ruby
twitch-api-v5,twitch-api
xv6-solutions,solution
inceptionv3,inception
drv2605,-1
igcv3,igc
resnet-v2,resnet
v202,-1
av1,-1
rv32e,-1
1v1,1
sdv2,-1
d3-v4,d3
dnsimple-v1,dns
apev2,ape
srv6-functions,function
csv2pickle,"['csv','pickle']"
v3qrcodereader,Qr-code-reader
yolov3-training,Yolo-train
mipv6,mip
vue-recaptcha-v3,vue-recaptcha
ssd-inceptionv2,ssd-inception
snmpv3,snmp
actv3,act
riot-api-v4,riot-api
v2-1,-1
react-router-v4,react-router
cvssv3,cvss
youtube-data-api-v3,youtube-data-api
pkgv0001,package
openshift-v3,openshift
lejos-ev3,lejos
rv4,-1
laravel-google-recaptcha-v2,laravel-google-recaptcha
v2ray-ws-tls,ray-ws-tls
tv3,tv
microsoft-bot-framework-v4,microsoft-bot-framework
v2rayn,ray
i2p-samv3,-1
rdv4,-1
silkv3,silk
training-shufflenetv2,train-shufflenet
aws-sdk-java-v2,aws-sdk-java
drv8825,-1
e107v2,-1
ipv6-security,ip-security
cv2x,-1
dav1d,-1
v60mini-firmware,mini-firmware
psv2,-1
icmpv4-packets,Icmp-packet
v2v-posenet,posenet
support-v4,support
ionicv1,ionic
itu-v21,itu
openimagev5,Open-image
opencv4-python,opencv-python
c2s-v3,-1
heroku-v8js,heroku-js
ipv4-port-scanner,Ip-port-scan
mobilenetv2,mobilenet
dbteamv2,dbteam
cudnn-v7,cudnn
rexdeployv3,Rex-deploy
cv1,-1
mr900v2,-1
div2k,-1
glidev4,glide
hubot-aws-v2,hubot-aws
agplv3,agpl
cgroups-v2,-1
armv8,arm
v2ex-api,api
ant-design-pro-v4,Ant-design
csv2xlsx,"['csv','xlsx']"
chainerv2,chainer
v2i,-1
wndr3700v4,-1
v1-1,1
wacv19,wac
ircv3,irc
j2v8,-1
inception-v1,inception
rv32,-1
csv2json,"['csv','json']"
youtubeapiv3,youtube-api
cnv2,-1
android-v8,android
armv6-m,arm
siteleaf-v1,Site-leaf
yolov2-tiny,yolo-tiny
rootnav2,Root-nav
redux-v3,redux
tlsv1,tls
v4l2-m2m,-1
noir-camera-v2,noir-camera
acme-v2,acme
xv6-extensions,extension
plv8,-1
armv7hf,arm
id3v1,id3
expfactory-v1,expfactory
aws-java-sdk-v2,aws-java-sdk
v2ray-multi,ray-multi
aws-v4,aws
d4v2,-1
appcompat-v7,App-compat
bdv2,-1
drv8301,-1
craptev1,crapte
vl53v1x,-1
csv2geojson,"['csv','json']"
hashcatv2,hashcat
custom-elements-v1,Custom-element
armv7a,arm
cryptonight-v7,cryptonight
cv2,-1
laravel-recaptcha-v3,laravel-recaptcha
v8blog,blog
libv4l-plugin,lib-plugin
elb-v2,-1
rs-uv3a,-1
ipv4-mesh,ip-mesh
hackdev17,"['hack','dev']"
armv5,arm
traefik-v2,traefik
amitdev101,"['dev','amit']"
conv2d,conv2d
rdv40,-1
p4c-bmv2,-1
latest-v8-js-engine,js-engine
netflow-v9-parser,netflow-parser
ipv4,ip
amrv8,arm
github-api-v4,github-api
v7,-1
shufflenetv1,shufflenet
sigv4,sig
iccv2019,icc
dev4dev,dev
cehv10,ceh
csv2rdf,"['csv','rdf']"
v4,-1
flv2ts,"['flv','ts']"
ev3rt,-1
rv32m1,-1
cnv4,-1
tiny-yolov2,tiny-yolo
yolov3-pytorch,yolo-pytorch
v6,-1
vfpv3,vfp
ipv4-support,ip-support
adrv9361,adr
redux-form-v6,redux-form
conv1x1,-1
yolo-v2,yolo
prosv5,pros
angular2-d3v4,angular-d3
ipv8,ip
v2land,land
tellstick-znet-lite-v2,tellstick-znet-lite
frozenlake-v0,Frozen-lake
analytics-v4,analytic
mobilenet-v2,mobilenet
tracev3,trace
armv7,arm
ahirv2,ahir
accv2018,acc
apiv2,api
1v1-game,game
vrrpv2-daemon,vrrp-daemon
cos-python-sdk-v5,cos-python-sdk
yolo-v3,yolo
e3-1231v3,-1
statamic-v3,statamic
v2-ui,ui
srv6,-1
ss-panel-v3,panel
civ4,-1
youtube-api-v2,youtube-api
inceptionv3-model,inception-model
odatav4,data
ntlmv1,ntlm
igmpv3,igmp
tellstick-net-v2,tellstick-net
archer-c7-v2,archer
v2rayclient,"['ray','client']"
d3v4,d3
csv2yaml,"['csv','yaml']"
v3,-1
